<?xml version="1.0" encoding="UTF-8" standalone="yes"?>
<addon id="plugin.video.YayPonies" name="YayPonies For Kodi" version="0.0.1" provider-name="B3ATDROP3R">
	<requires>
		<import addon="xbmc.python" version="2.19.0" />
        <import addon="script.module.python.koding.aio" version="0.0.1"/>
	</requires>
	<extension point="xbmc.python.pluginsource" library="default.py">
		<provides>video</provides>
	</extension>
	<extension point="xbmc.addon.metadata">
		<summary lang="en">Yay ponies streamer for Kodi</summary>
		<description lang="en">If you have any issues then please message the developer on twitter @sams_kc (DO NOT MESSAGE THE OWNERS OF YAYPONIES THEMSELVES)</description>
		<platform>all</platform>
		<forum>http://www.noobsandnerds.com/support</forum>
		<website>www.noobsandnerds.com</website>
		<news></news>
		<genre>livetv,movies,usa</genre>
		<video_guide></video_guide>
		<video_preview></video_preview>
	</extension>
</addon>
