<?xml version="1.0" encoding="UTF-8" standalone="yes"?>
<addon id="repository.FizzlepopBerryTwist" name="Fizzle pop berry twist" version="0.0.1" provider-name="B3ATDROP3R">
	<extension point="xbmc.addon.repository" name="Fizzle pop berry twist">
		<dir>
			<info compressed="false">https://raw.githubusercontent.com/totalrevolution/python-koding/master/zips/addons.xml</info>
			<checksum>https://raw.githubusercontent.com/totalrevolution/python-koding/master/zips/addons.xml.md5</checksum>
			<datadir zip="true">https://raw.githubusercontent.com/totalrevolution/python-koding/master/zips/</datadir>
		</dir>
		<info compressed="false">https://raw.githubusercontent.com/B3ATDROP3R/repository.FizzlepopBerryTwist/master/zips/addons.xml</info>
		<checksum>https://raw.githubusercontent.com/B3ATDROP3R/repository.FizzlepopBerryTwist/master/zips/addons.xml.md5</checksum>
		<datadir zip="true">https://raw.githubusercontent.com/B3ATDROP3R/repository.FizzlepopBerryTwist/master/zips/</datadir>
	</extension>
	<extension point="xbmc.addon.metadata">
		<summary lang="en">The YayPonies Kodi Repo</summary>
		<description lang="en">Full repository description.</description>
		<genre>movies,usa</genre>
	</extension>
</addon>